build_code,assembly_id,host_wall_element_id
Exterior Wall Install | L -1 | PREFAB_WALL_LNEG1_001,SL0W-LNEG1C-WALL,1781235
Exterior Wall Install | L -1 | PREFAB_WALL_LNEG1_002,SL0W-LNEG1C-WALL,1781357
Exterior Wall Install | L -1 | PREFAB_WALL_LNEG1_003,SL0W-LNEG1C-WALL,1944371
Exterior Wall Install | L -1 | PREFAB_WALL_LNEG1_004,SL0W-LNEG1C-WALL,1944285
Exterior Wall Install | L -1 | PREFAB_WALL_LNEG1_005,SL0W-LNEG1C-WALL,1944229
Exterior Wall Install | L -1 | PREFAB_WALL_LNEG1_006,SL0W-LNEG1C-WALL,1403659
Exterior Wall Install | L 0 | PREFAB_WALL_L0_029,SL0W-LNEG1C-WALL,1936999
Exterior Wall Install | L 0 | PREFAB_WALL_L0_030,SL0W-LNEG1C-WALL,1937506
Exterior Wall Install | L 0 | PREFAB_WALL_L0_031,SL0W-LNEG1C-WALL,1937749
Exterior Wall Install | L 0 | PREFAB_WALL_L0_032,SL0W-LNEG1C-WALL,1937918
Exterior Wall Install | L 0 | PREFAB_WALL_L0_033,SL0W-LNEG1C-WALL,1938089
Exterior Wall Install | L 0 | PREFAB_WALL_L0_034,SL0W-LNEG1C-WALL,1938195
Exterior Wall Install | L 1 | PREFAB_WALL_L1_081,SL1-3R-WALL,1930738
Exterior Wall Install | L 1 | PREFAB_WALL_L1_082,SL1-3R-WALL,2193600
Exterior Wall Install | L 1 | PREFAB_WALL_L1_083,SL1-3R-WALL,2193801
Exterior Wall Install | L 1 | PREFAB_WALL_L1_084,SL1-2R-WALL,2194057
Exterior Wall Install | L 1 | PREFAB_WALL_L1_085,SL1-2R-WALL,2194387
