ALICE_task,BIM_map, productivity, unit, productivity_dependency
Install Construction Fencing,,,
Install Site Office & Welfare Units,,,
Temporary Water Installation,,,
Temporary Power Installation,,,
Tree Removal & Clearing,,,
Bleacher Demolition,,,
Crane Pad Construction,,,
Laydown Area Preparation,,,
Full Basement Excavation,,,
Shoring / Stabilization,,,
Subgrade Preparation,,,
Footings - Form/Rebar/Pour,"Category:Structural Foundations, Family:Footing-Rectangular | Category:Structural Foundations, Type:Bearing Footing - 36"" x 12""",150,cf,equipment
Grade Beams,"Category:Structural Framing, Family:Concrete-Rectangular Beam",150,cf,equipment
Waterproofing & Drainage,,,
Basement Slab on Grade,"Category:Structural Foundations, Type:6"" Foundation Slab",150,cf,equipment
Underground Utilities,,,
Backfill & Compaction,,,
Foundational Columns,"Category:Structural Columns, Family:Concrete-Rectangular-Column",150,cf,equipment
Frame: Columns,"Category:Structural Columns, Family:Timber-Column",3,count,equipment
Frame: Beams,"Category:Structural Framing, Family:Glulam-Western Species | Category:Structural Framing, Family:TJL Wood Open Web Joist",3,count,equipment
Floor,"Category:Floors, Level:L 1 | Category:Floors, Level:L 0",3,count,equipment
Roof,"Category:Floors, Level:Roof",3,count,equipment
Facade Install + Glazing,"Category:Curtain Panels",3,count,crew
Basement Retaining Walls,"Category:Walls, Type:Retaining - 6"" Concrete",150,cf,equipment
Exterior Wall Install,"Category:Walls, Type:Generic - 8"" - EXTERIOR | Category:Walls, Type:Storefront - EXTERIOR ISLAND | Category:Walls, Type:Generic - 8"" - BASEMENT | Category:Curtain Walls, Type:Storefront - EXTERIOR ISLAND",2,count,equipment
Glass Install + Glazing,"Category:Curtain Panels | Category:Curtain Wall Mullions",4,count,equipment
Interior Walls,"Category:Walls, Type:Generic - 8"" - INTERIOR | Category:Walls, Type:Storefront - INTERIOR ISLAND | Family:Folding_Wall_-_One_Side_-_Single_Panel_2349",2,count,crew
Mesh Install,"Family:MESH WITH FRAME",2,count,crew
Ceiling Installation,"Category:Ceilings",2,count,crew
Rocking Walls,"Category:Walls, Type:Bamboo- 8"", Assembly Description:Superstructure",1,count,equipment
Mechanical Room Buildout,,,,
Main Electrical & Riser Install,,,,
MEP Rough-In,"discipline:MEP",3,count,crew
MEP Start-Up,,,,
TAB,,,,
Integrated Systems Testing,,,,
Final Inspections,,,,
Hurricane Contingency Buffer,,,,
