# UNIFORMAT II building elements, levels 1-3 (major group, group, individual element).
# Source: R. P. Charette and H. E. Marshall, "UNIFORMAT II Elemental Classification for
# Building Specifications, Cost Estimating, and Cost Analysis", NIST Interagency Report
# NISTIR 6389, National Institute of Standards and Technology, 1999, Table 1
# (https://nvlpubs.nist.gov/nistpubs/Legacy/IR/nistir6389.pdf). A work of the U.S. Government, public domain in the
# United States. Titles as in NISTIR 6389 ("&" kept). Not copied from the ASTM E1557
# standard or from any course workbook.
# Columns: code (level 1 = letter, level 2 = letter + 2 digits, level 3 = letter + 4 digits),
# level (1-3), title. Used by the cost DB validator (engines/common/cost_db.py, P3.4).
code,level,title
A,1,Substructure
A10,2,Foundations
A1010,3,Standard Foundations
A1020,3,Special Foundations
A1030,3,Slab on Grade
A20,2,Basement Construction
A2010,3,Basement Excavation
A2020,3,Basement Walls
B,1,Shell
B10,2,Superstructure
B1010,3,Floor Construction
B1020,3,Roof Construction
B20,2,Exterior Enclosure
B2010,3,Exterior Walls
B2020,3,Exterior Windows
B2030,3,Exterior Doors
B30,2,Roofing
B3010,3,Roof Coverings
B3020,3,Roof Openings
C,1,Interiors
C10,2,Interior Construction
C1010,3,Partitions
C1020,3,Interior Doors
C1030,3,Fittings
C20,2,Stairs
C2010,3,Stair Construction
C2020,3,Stair Finishes
C30,2,Interior Finishes
C3010,3,Wall Finishes
C3020,3,Floor Finishes
C3030,3,Ceiling Finishes
D,1,Services
D10,2,Conveying
D1010,3,Elevators & Lifts
D1020,3,Escalators & Moving Walks
D1090,3,Other Conveying Systems
D20,2,Plumbing
D2010,3,Plumbing Fixtures
D2020,3,Domestic Water Distribution
D2030,3,Sanitary Waste
D2040,3,Rain Water Drainage
D2090,3,Other Plumbing Systems
D30,2,HVAC
D3010,3,Energy Supply
D3020,3,Heat Generating Systems
D3030,3,Cooling Generating Systems
D3040,3,Distribution Systems
D3050,3,Terminal & Package Units
D3060,3,Controls & Instrumentation
D3070,3,Systems Testing & Balancing
D3090,3,Other HVAC Systems & Equipment
D40,2,Fire Protection
D4010,3,Sprinklers
D4020,3,Standpipes
D4030,3,Fire Protection Specialties
D4090,3,Other Fire Protection Systems
D50,2,Electrical
D5010,3,Electrical Service & Distribution
D5020,3,Lighting and Branch Wiring
D5030,3,Communications & Security
D5090,3,Other Electrical Systems
E,1,Equipment & Furnishings
E10,2,Equipment
E1010,3,Commercial Equipment
E1020,3,Institutional Equipment
E1030,3,Vehicular Equipment
E1090,3,Other Equipment
E20,2,Furnishings
E2010,3,Fixed Furnishings
E2020,3,Movable Furnishings
F,1,Special Construction & Demolition
F10,2,Special Construction
F1010,3,Special Structures
F1020,3,Integrated Construction
F1030,3,Special Construction Systems
F1040,3,Special Facilities
F1050,3,Special Controls and Instrumentation
F20,2,Selective Building Demolition
F2010,3,Building Elements Demolition
F2020,3,Hazardous Components Abatement
G,1,Building Sitework
G10,2,Site Preparation
G1010,3,Site Clearing
G1020,3,Site Demolitions and Relocations
G1030,3,Site Earthwork
G1040,3,Hazardous Waste Remediation
G20,2,Site Improvements
G2010,3,Roadways
G2020,3,Parking Lots
G2030,3,Pedestrian Paving
G2040,3,Site Development
G2050,3,Landscaping
G30,2,Site Mechanical Utilities
G3010,3,Water Supply
G3020,3,Sanitary Sewer
G3030,3,Storm Sewer
G3040,3,Heating Distribution
G3050,3,Cooling Distribution
G3060,3,Fuel Distribution
G3090,3,Other Site Mechanical Utilities
G40,2,Site Electrical Utilities
G4010,3,Electrical Distribution
G4020,3,Site Lighting
G4030,3,Site Communications & Security
G4090,3,Other Site Electrical Utilities
G90,2,Other Site Construction
G9010,3,Service and Pedestrian Tunnels
G9090,3,Other Site Systems & Equipment
